<?xml version="1.0" encoding="UTF-8"?>
<daemon>
  <id>asterixnc</id>
  <mainClass>org.apache.hyracks.control.nc.NCDriver</mainClass>
  <classpath>
    <dependencies>
      <dependency>
        <groupId>org.apache.asterix</groupId>
        <artifactId>asterix-server</artifactId>
        <version>0.9.2-SNAPSHOT</version>
        <relativePath>asterix-server-0.9.2-SNAPSHOT.jar</relativePath>
      </dependency>
      <dependency>
        <groupId>org.apache.hyracks</groupId>
        <artifactId>hyracks-control-cc</artifactId>
        <version>0.3.2-SNAPSHOT</version>
        <relativePath>hyracks-control-cc-0.3.2-SNAPSHOT.jar</relativePath>
      </dependency>
      <dependency>
        <groupId>org.apache.hyracks</groupId>
        <artifactId>hyracks-http</artifactId>
        <version>0.3.2-SNAPSHOT</version>
        <relativePath>hyracks-http-0.3.2-SNAPSHOT.jar</relativePath>
      </dependency>
      <dependency>
        <groupId>org.apache.hyracks</groupId>
        <artifactId>hyracks-control-common</artifactId>
        <version>0.3.2-SNAPSHOT</version>
        <relativePath>hyracks-control-common-0.3.2-SNAPSHOT.jar</relativePath>
      </dependency>
      <dependency>
        <groupId>org.apache.commons</groupId>
        <artifactId>commons-collections4</artifactId>
        <version>4.1</version>
        <relativePath>commons-collections4-4.1.jar</relativePath>
      </dependency>
      <dependency>
        <groupId>io.netty</groupId>
        <artifactId>netty-all</artifactId>
        <version>4.1.6.Final</version>
        <relativePath>netty-all-4.1.6.Final.jar</relativePath>
      </dependency>
      <dependency>
        <groupId>org.ini4j</groupId>
        <artifactId>ini4j</artifactId>
        <version>0.5.4</version>
        <relativePath>ini4j-0.5.4.jar</relativePath>
      </dependency>
      <dependency>
        <groupId>org.apache.hyracks</groupId>
        <artifactId>hyracks-ipc</artifactId>
        <version>0.3.2-SNAPSHOT</version>
        <relativePath>hyracks-ipc-0.3.2-SNAPSHOT.jar</relativePath>
      </dependency>
      <dependency>
        <groupId>args4j</groupId>
        <artifactId>args4j</artifactId>
        <version>2.33</version>
        <relativePath>args4j-2.33.jar</relativePath>
      </dependency>
      <dependency>
        <groupId>org.apache.hyracks</groupId>
        <artifactId>hyracks-api</artifactId>
        <version>0.3.2-SNAPSHOT</version>
        <relativePath>hyracks-api-0.3.2-SNAPSHOT.jar</relativePath>
      </dependency>
      <dependency>
        <groupId>com.fasterxml.jackson.core</groupId>
        <artifactId>jackson-databind</artifactId>
        <version>2.8.4</version>
        <relativePath>jackson-databind-2.8.4.jar</relativePath>
      </dependency>
      <dependency>
        <groupId>org.apache.hyracks</groupId>
        <artifactId>hyracks-control-nc</artifactId>
        <version>0.3.2-SNAPSHOT</version>
        <relativePath>hyracks-control-nc-0.3.2-SNAPSHOT.jar</relativePath>
      </dependency>
      <dependency>
        <groupId>org.apache.hyracks</groupId>
        <artifactId>hyracks-net</artifactId>
        <version>0.3.2-SNAPSHOT</version>
        <relativePath>hyracks-net-0.3.2-SNAPSHOT.jar</relativePath>
      </dependency>
      <dependency>
        <groupId>org.apache.hyracks</groupId>
        <artifactId>hyracks-comm</artifactId>
        <version>0.3.2-SNAPSHOT</version>
        <relativePath>hyracks-comm-0.3.2-SNAPSHOT.jar</relativePath>
      </dependency>
      <dependency>
        <groupId>com.fasterxml.jackson.core</groupId>
        <artifactId>jackson-core</artifactId>
        <version>2.8.4</version>
        <relativePath>jackson-core-2.8.4.jar</relativePath>
      </dependency>
      <dependency>
        <groupId>org.apache.hyracks</groupId>
        <artifactId>hyracks-nc-service</artifactId>
        <version>0.3.2-SNAPSHOT</version>
        <relativePath>hyracks-nc-service-0.3.2-SNAPSHOT.jar</relativePath>
      </dependency>
      <dependency>
        <groupId>org.apache.asterix</groupId>
        <artifactId>asterix-app</artifactId>
        <version>0.9.2-SNAPSHOT</version>
        <relativePath>asterix-app-0.9.2-SNAPSHOT.jar</relativePath>
      </dependency>
      <dependency>
        <groupId>org.apache.hyracks</groupId>
        <artifactId>algebricks-compiler</artifactId>
        <version>0.3.2-SNAPSHOT</version>
        <relativePath>algebricks-compiler-0.3.2-SNAPSHOT.jar</relativePath>
      </dependency>
      <dependency>
        <groupId>org.apache.hyracks</groupId>
        <artifactId>hyracks-client</artifactId>
        <version>0.3.2-SNAPSHOT</version>
        <relativePath>hyracks-client-0.3.2-SNAPSHOT.jar</relativePath>
      </dependency>
      <dependency>
        <groupId>org.apache.asterix</groupId>
        <artifactId>asterix-algebra</artifactId>
        <version>0.9.2-SNAPSHOT</version>
        <relativePath>asterix-algebra-0.9.2-SNAPSHOT.jar</relativePath>
      </dependency>
      <dependency>
        <groupId>org.apache.hyracks</groupId>
        <artifactId>algebricks-rewriter</artifactId>
        <version>0.3.2-SNAPSHOT</version>
        <relativePath>algebricks-rewriter-0.3.2-SNAPSHOT.jar</relativePath>
      </dependency>
      <dependency>
        <groupId>org.apache.asterix</groupId>
        <artifactId>asterix-om</artifactId>
        <version>0.9.2-SNAPSHOT</version>
        <relativePath>asterix-om-0.9.2-SNAPSHOT.jar</relativePath>
      </dependency>
      <dependency>
        <groupId>org.apache.asterix</groupId>
        <artifactId>asterix-metadata</artifactId>
        <version>0.9.2-SNAPSHOT</version>
        <relativePath>asterix-metadata-0.9.2-SNAPSHOT.jar</relativePath>
      </dependency>
      <dependency>
        <groupId>javax.xml.bind</groupId>
        <artifactId>jaxb-api</artifactId>
        <version>2.2.12</version>
        <relativePath>jaxb-api-2.2.12.jar</relativePath>
      </dependency>
      <dependency>
        <groupId>org.apache.asterix</groupId>
        <artifactId>asterix-common</artifactId>
        <version>0.9.2-SNAPSHOT</version>
        <relativePath>asterix-common-0.9.2-SNAPSHOT.jar</relativePath>
      </dependency>
      <dependency>
        <groupId>org.apache.asterix</groupId>
        <artifactId>asterix-transactions</artifactId>
        <version>0.9.2-SNAPSHOT</version>
        <relativePath>asterix-transactions-0.9.2-SNAPSHOT.jar</relativePath>
      </dependency>
      <dependency>
        <groupId>org.apache.asterix</groupId>
        <artifactId>asterix-replication</artifactId>
        <version>0.9.2-SNAPSHOT</version>
        <relativePath>asterix-replication-0.9.2-SNAPSHOT.jar</relativePath>
      </dependency>
      <dependency>
        <groupId>org.apache.asterix</groupId>
        <artifactId>asterix-external-data</artifactId>
        <version>0.9.2-SNAPSHOT</version>
        <relativePath>asterix-external-data-0.9.2-SNAPSHOT.jar</relativePath>
      </dependency>
      <dependency>
        <groupId>org.apache.hyracks</groupId>
        <artifactId>hyracks-hdfs-core</artifactId>
        <version>0.3.2-SNAPSHOT</version>
        <relativePath>hyracks-hdfs-core-0.3.2-SNAPSHOT.jar</relativePath>
      </dependency>
      <dependency>
        <groupId>org.apache.hyracks</groupId>
        <artifactId>hyracks-hdfs-2.x</artifactId>
        <version>0.3.2-SNAPSHOT</version>
        <relativePath>hyracks-hdfs-2.x-0.3.2-SNAPSHOT.jar</relativePath>
      </dependency>
      <dependency>
        <groupId>org.apache.asterix</groupId>
        <artifactId>asterix-hivecompat</artifactId>
        <version>0.9.2-SNAPSHOT</version>
        <relativePath>asterix-hivecompat-0.9.2-SNAPSHOT.jar</relativePath>
      </dependency>
      <dependency>
        <groupId>commons-logging</groupId>
        <artifactId>commons-logging-api</artifactId>
        <version>1.0.4</version>
        <relativePath>commons-logging-api-1.0.4.jar</relativePath>
      </dependency>
      <dependency>
        <groupId>org.apache.hive.shims</groupId>
        <artifactId>hive-shims-common</artifactId>
        <version>0.13.0</version>
        <relativePath>hive-shims-common-0.13.0.jar</relativePath>
      </dependency>
      <dependency>
        <groupId>org.apache.hive</groupId>
        <artifactId>hive-common</artifactId>
        <version>0.13.0</version>
        <relativePath>hive-common-0.13.0.jar</relativePath>
      </dependency>
      <dependency>
        <groupId>com.rometools</groupId>
        <artifactId>rome-fetcher</artifactId>
        <version>1.7.4</version>
        <relativePath>rome-fetcher-1.7.4.jar</relativePath>
      </dependency>
      <dependency>
        <groupId>com.rometools</groupId>
        <artifactId>rome</artifactId>
        <version>1.7.4</version>
        <relativePath>rome-1.7.4.jar</relativePath>
      </dependency>
      <dependency>
        <groupId>com.rometools</groupId>
        <artifactId>rome-utils</artifactId>
        <version>1.7.4</version>
        <relativePath>rome-utils-1.7.4.jar</relativePath>
      </dependency>
      <dependency>
        <groupId>org.jdom</groupId>
        <artifactId>jdom2</artifactId>
        <version>2.0.6</version>
        <relativePath>jdom2-2.0.6.jar</relativePath>
      </dependency>
      <dependency>
        <groupId>org.apache.hive</groupId>
        <artifactId>hive-serde</artifactId>
        <version>0.13.0</version>
        <relativePath>hive-serde-0.13.0.jar</relativePath>
      </dependency>
      <dependency>
        <groupId>org.apache.hive</groupId>
        <artifactId>hive-shims</artifactId>
        <version>0.13.0</version>
        <relativePath>hive-shims-0.13.0.jar</relativePath>
      </dependency>
      <dependency>
        <groupId>org.apache.hive.shims</groupId>
        <artifactId>hive-shims-0.20</artifactId>
        <version>0.13.0</version>
        <relativePath>hive-shims-0.20-0.13.0.jar</relativePath>
      </dependency>
      <dependency>
        <groupId>org.apache.hive.shims</groupId>
        <artifactId>hive-shims-common-secure</artifactId>
        <version>0.13.0</version>
        <relativePath>hive-shims-common-secure-0.13.0.jar</relativePath>
      </dependency>
      <dependency>
        <groupId>org.apache.hive.shims</groupId>
        <artifactId>hive-shims-0.20S</artifactId>
        <version>0.13.0</version>
        <relativePath>hive-shims-0.20S-0.13.0.jar</relativePath>
      </dependency>
      <dependency>
        <groupId>org.apache.hive.shims</groupId>
        <artifactId>hive-shims-0.23</artifactId>
        <version>0.13.0</version>
        <relativePath>hive-shims-0.23-0.13.0.jar</relativePath>
      </dependency>
      <dependency>
        <groupId>org.apache.thrift</groupId>
        <artifactId>libthrift</artifactId>
        <version>0.9.0</version>
        <relativePath>libthrift-0.9.0.jar</relativePath>
      </dependency>
      <dependency>
        <groupId>com.couchbase.client</groupId>
        <artifactId>core-io</artifactId>
        <version>1.3.2</version>
        <relativePath>core-io-1.3.2.jar</relativePath>
      </dependency>
      <dependency>
        <groupId>io.reactivex</groupId>
        <artifactId>rxjava</artifactId>
        <version>1.1.8</version>
        <relativePath>rxjava-1.1.8.jar</relativePath>
      </dependency>
      <dependency>
        <groupId>xml-apis</groupId>
        <artifactId>xml-apis</artifactId>
        <version>1.4.01</version>
        <relativePath>xml-apis-1.4.01.jar</relativePath>
      </dependency>
      <dependency>
        <groupId>org.apache.hyracks</groupId>
        <artifactId>hyracks-dataflow-common</artifactId>
        <version>0.3.2-SNAPSHOT</version>
        <relativePath>hyracks-dataflow-common-0.3.2-SNAPSHOT.jar</relativePath>
      </dependency>
      <dependency>
        <groupId>org.apache.asterix</groupId>
        <artifactId>asterix-lang-aql</artifactId>
        <version>0.9.2-SNAPSHOT</version>
        <relativePath>asterix-lang-aql-0.9.2-SNAPSHOT.jar</relativePath>
      </dependency>
      <dependency>
        <groupId>org.apache.hyracks</groupId>
        <artifactId>hyracks-storage-am-lsm-btree</artifactId>
        <version>0.3.2-SNAPSHOT</version>
        <relativePath>hyracks-storage-am-lsm-btree-0.3.2-SNAPSHOT.jar</relativePath>
      </dependency>
      <dependency>
        <groupId>org.apache.asterix</groupId>
        <artifactId>asterix-events</artifactId>
        <version>0.9.2-SNAPSHOT</version>
        <relativePath>asterix-events-0.9.2-SNAPSHOT.jar</relativePath>
      </dependency>
      <dependency>
        <groupId>org.apache.zookeeper</groupId>
        <artifactId>zookeeper</artifactId>
        <version>3.4.5</version>
        <relativePath>zookeeper-3.4.5.jar</relativePath>
      </dependency>
      <dependency>
        <groupId>jline</groupId>
        <artifactId>jline</artifactId>
        <version>0.9.94</version>
        <relativePath>jline-0.9.94.jar</relativePath>
      </dependency>
      <dependency>
        <groupId>org.jboss.netty</groupId>
        <artifactId>netty</artifactId>
        <version>3.2.2.Final</version>
        <relativePath>netty-3.2.2.Final.jar</relativePath>
      </dependency>
      <dependency>
        <groupId>log4j</groupId>
        <artifactId>log4j</artifactId>
        <version>1.2.17</version>
        <relativePath>log4j-1.2.17.jar</relativePath>
      </dependency>
      <dependency>
        <groupId>org.apache.hyracks</groupId>
        <artifactId>algebricks-data</artifactId>
        <version>0.3.2-SNAPSHOT</version>
        <relativePath>algebricks-data-0.3.2-SNAPSHOT.jar</relativePath>
      </dependency>
      <dependency>
        <groupId>org.apache.hyracks</groupId>
        <artifactId>algebricks-core</artifactId>
        <version>0.3.2-SNAPSHOT</version>
        <relativePath>algebricks-core-0.3.2-SNAPSHOT.jar</relativePath>
      </dependency>
      <dependency>
        <groupId>org.apache.hyracks</groupId>
        <artifactId>algebricks-runtime</artifactId>
        <version>0.3.2-SNAPSHOT</version>
        <relativePath>algebricks-runtime-0.3.2-SNAPSHOT.jar</relativePath>
      </dependency>
      <dependency>
        <groupId>org.apache.httpcomponents</groupId>
        <artifactId>httpcore</artifactId>
        <version>4.4.5</version>
        <relativePath>httpcore-4.4.5.jar</relativePath>
      </dependency>
      <dependency>
        <groupId>org.apache.httpcomponents</groupId>
        <artifactId>httpclient</artifactId>
        <version>4.5.2</version>
        <relativePath>httpclient-4.5.2.jar</relativePath>
      </dependency>
      <dependency>
        <groupId>commons-logging</groupId>
        <artifactId>commons-logging</artifactId>
        <version>1.1.1</version>
        <relativePath>commons-logging-1.1.1.jar</relativePath>
      </dependency>
      <dependency>
        <groupId>commons-codec</groupId>
        <artifactId>commons-codec</artifactId>
        <version>1.9</version>
        <relativePath>commons-codec-1.9.jar</relativePath>
      </dependency>
      <dependency>
        <groupId>org.apache.asterix</groupId>
        <artifactId>asterix-lang-common</artifactId>
        <version>0.9.2-SNAPSHOT</version>
        <relativePath>asterix-lang-common-0.9.2-SNAPSHOT.jar</relativePath>
      </dependency>
      <dependency>
        <groupId>org.apache.hyracks</groupId>
        <artifactId>hyracks-storage-am-lsm-common</artifactId>
        <version>0.3.2-SNAPSHOT</version>
        <relativePath>hyracks-storage-am-lsm-common-0.3.2-SNAPSHOT.jar</relativePath>
      </dependency>
      <dependency>
        <groupId>org.apache.asterix</groupId>
        <artifactId>asterix-runtime</artifactId>
        <version>0.9.2-SNAPSHOT</version>
        <relativePath>asterix-runtime-0.9.2-SNAPSHOT.jar</relativePath>
      </dependency>
      <dependency>
        <groupId>org.apache.asterix</groupId>
        <artifactId>asterix-fuzzyjoin</artifactId>
        <version>0.9.2-SNAPSHOT</version>
        <relativePath>asterix-fuzzyjoin-0.9.2-SNAPSHOT.jar</relativePath>
      </dependency>
      <dependency>
        <groupId>org.apache.hyracks</groupId>
        <artifactId>hyracks-storage-common</artifactId>
        <version>0.3.2-SNAPSHOT</version>
        <relativePath>hyracks-storage-common-0.3.2-SNAPSHOT.jar</relativePath>
      </dependency>
      <dependency>
        <groupId>org.apache.hyracks</groupId>
        <artifactId>algebricks-common</artifactId>
        <version>0.3.2-SNAPSHOT</version>
        <relativePath>algebricks-common-0.3.2-SNAPSHOT.jar</relativePath>
      </dependency>
      <dependency>
        <groupId>org.apache.asterix</groupId>
        <artifactId>asterix-lang-sqlpp</artifactId>
        <version>0.9.2-SNAPSHOT</version>
        <relativePath>asterix-lang-sqlpp-0.9.2-SNAPSHOT.jar</relativePath>
      </dependency>
      <dependency>
        <groupId>commons-lang</groupId>
        <artifactId>commons-lang</artifactId>
        <version>2.5</version>
        <relativePath>commons-lang-2.5.jar</relativePath>
      </dependency>
      <dependency>
        <groupId>org.apache.hyracks</groupId>
        <artifactId>hyracks-data-std</artifactId>
        <version>0.3.2-SNAPSHOT</version>
        <relativePath>hyracks-data-std-0.3.2-SNAPSHOT.jar</relativePath>
      </dependency>
      <dependency>
        <groupId>org.apache.hyracks</groupId>
        <artifactId>hyracks-dataflow-std</artifactId>
        <version>0.3.2-SNAPSHOT</version>
        <relativePath>hyracks-dataflow-std-0.3.2-SNAPSHOT.jar</relativePath>
      </dependency>
      <dependency>
        <groupId>org.apache.hyracks</groupId>
        <artifactId>hyracks-storage-am-btree</artifactId>
        <version>0.3.2-SNAPSHOT</version>
        <relativePath>hyracks-storage-am-btree-0.3.2-SNAPSHOT.jar</relativePath>
      </dependency>
      <dependency>
        <groupId>com.google.guava</groupId>
        <artifactId>guava</artifactId>
        <version>18.0</version>
        <relativePath>guava-18.0.jar</relativePath>
      </dependency>
      <dependency>
        <groupId>org.apache.hyracks</groupId>
        <artifactId>hyracks-storage-am-common</artifactId>
        <version>0.3.2-SNAPSHOT</version>
        <relativePath>hyracks-storage-am-common-0.3.2-SNAPSHOT.jar</relativePath>
      </dependency>
      <dependency>
        <groupId>org.apache.hadoop</groupId>
        <artifactId>hadoop-common</artifactId>
        <version>2.2.0</version>
        <relativePath>hadoop-common-2.2.0.jar</relativePath>
      </dependency>
      <dependency>
        <groupId>org.apache.hadoop</groupId>
        <artifactId>hadoop-annotations</artifactId>
        <version>2.2.0</version>
        <relativePath>hadoop-annotations-2.2.0.jar</relativePath>
      </dependency>
      <dependency>
        <groupId>commons-cli</groupId>
        <artifactId>commons-cli</artifactId>
        <version>1.2</version>
        <relativePath>commons-cli-1.2.jar</relativePath>
      </dependency>
      <dependency>
        <groupId>org.apache.commons</groupId>
        <artifactId>commons-math</artifactId>
        <version>2.1</version>
        <relativePath>commons-math-2.1.jar</relativePath>
      </dependency>
      <dependency>
        <groupId>xmlenc</groupId>
        <artifactId>xmlenc</artifactId>
        <version>0.52</version>
        <relativePath>xmlenc-0.52.jar</relativePath>
      </dependency>
      <dependency>
        <groupId>commons-httpclient</groupId>
        <artifactId>commons-httpclient</artifactId>
        <version>3.1</version>
        <relativePath>commons-httpclient-3.1.jar</relativePath>
      </dependency>
      <dependency>
        <groupId>commons-net</groupId>
        <artifactId>commons-net</artifactId>
        <version>3.1</version>
        <relativePath>commons-net-3.1.jar</relativePath>
      </dependency>
      <dependency>
        <groupId>javax.servlet</groupId>
        <artifactId>servlet-api</artifactId>
        <version>2.5</version>
        <relativePath>servlet-api-2.5.jar</relativePath>
      </dependency>
      <dependency>
        <groupId>org.mortbay.jetty</groupId>
        <artifactId>jetty</artifactId>
        <version>6.1.26</version>
        <relativePath>jetty-6.1.26.jar</relativePath>
      </dependency>
      <dependency>
        <groupId>org.mortbay.jetty</groupId>
        <artifactId>jetty-util</artifactId>
        <version>6.1.26</version>
        <relativePath>jetty-util-6.1.26.jar</relativePath>
      </dependency>
      <dependency>
        <groupId>com.sun.jersey</groupId>
        <artifactId>jersey-core</artifactId>
        <version>1.9</version>
        <relativePath>jersey-core-1.9.jar</relativePath>
      </dependency>
      <dependency>
        <groupId>com.sun.jersey</groupId>
        <artifactId>jersey-json</artifactId>
        <version>1.9</version>
        <relativePath>jersey-json-1.9.jar</relativePath>
      </dependency>
      <dependency>
        <groupId>org.codehaus.jettison</groupId>
        <artifactId>jettison</artifactId>
        <version>1.1</version>
        <relativePath>jettison-1.1.jar</relativePath>
      </dependency>
      <dependency>
        <groupId>com.sun.xml.bind</groupId>
        <artifactId>jaxb-impl</artifactId>
        <version>2.2.3-1</version>
        <relativePath>jaxb-impl-2.2.3-1.jar</relativePath>
      </dependency>
      <dependency>
        <groupId>org.codehaus.jackson</groupId>
        <artifactId>jackson-jaxrs</artifactId>
        <version>1.8.3</version>
        <relativePath>jackson-jaxrs-1.8.3.jar</relativePath>
      </dependency>
      <dependency>
        <groupId>org.codehaus.jackson</groupId>
        <artifactId>jackson-xc</artifactId>
        <version>1.8.3</version>
        <relativePath>jackson-xc-1.8.3.jar</relativePath>
      </dependency>
      <dependency>
        <groupId>com.sun.jersey</groupId>
        <artifactId>jersey-server</artifactId>
        <version>1.9</version>
        <relativePath>jersey-server-1.9.jar</relativePath>
      </dependency>
      <dependency>
        <groupId>asm</groupId>
        <artifactId>asm</artifactId>
        <version>3.1</version>
        <relativePath>asm-3.1.jar</relativePath>
      </dependency>
      <dependency>
        <groupId>tomcat</groupId>
        <artifactId>jasper-compiler</artifactId>
        <version>5.5.23</version>
        <relativePath>jasper-compiler-5.5.23.jar</relativePath>
      </dependency>
      <dependency>
        <groupId>tomcat</groupId>
        <artifactId>jasper-runtime</artifactId>
        <version>5.5.23</version>
        <relativePath>jasper-runtime-5.5.23.jar</relativePath>
      </dependency>
      <dependency>
        <groupId>javax.servlet.jsp</groupId>
        <artifactId>jsp-api</artifactId>
        <version>2.1</version>
        <relativePath>jsp-api-2.1.jar</relativePath>
      </dependency>
      <dependency>
        <groupId>commons-el</groupId>
        <artifactId>commons-el</artifactId>
        <version>1.0</version>
        <relativePath>commons-el-1.0.jar</relativePath>
      </dependency>
      <dependency>
        <groupId>net.java.dev.jets3t</groupId>
        <artifactId>jets3t</artifactId>
        <version>0.6.1</version>
        <relativePath>jets3t-0.6.1.jar</relativePath>
      </dependency>
      <dependency>
        <groupId>commons-configuration</groupId>
        <artifactId>commons-configuration</artifactId>
        <version>1.6</version>
        <relativePath>commons-configuration-1.6.jar</relativePath>
      </dependency>
      <dependency>
        <groupId>commons-collections</groupId>
        <artifactId>commons-collections</artifactId>
        <version>3.2.1</version>
        <relativePath>commons-collections-3.2.1.jar</relativePath>
      </dependency>
      <dependency>
        <groupId>commons-digester</groupId>
        <artifactId>commons-digester</artifactId>
        <version>1.8</version>
        <relativePath>commons-digester-1.8.jar</relativePath>
      </dependency>
      <dependency>
        <groupId>commons-beanutils</groupId>
        <artifactId>commons-beanutils</artifactId>
        <version>1.7.0</version>
        <relativePath>commons-beanutils-1.7.0.jar</relativePath>
      </dependency>
      <dependency>
        <groupId>commons-beanutils</groupId>
        <artifactId>commons-beanutils-core</artifactId>
        <version>1.8.0</version>
        <relativePath>commons-beanutils-core-1.8.0.jar</relativePath>
      </dependency>
      <dependency>
        <groupId>org.slf4j</groupId>
        <artifactId>slf4j-api</artifactId>
        <version>1.7.5</version>
        <relativePath>slf4j-api-1.7.5.jar</relativePath>
      </dependency>
      <dependency>
        <groupId>org.slf4j</groupId>
        <artifactId>slf4j-log4j12</artifactId>
        <version>1.7.5</version>
        <relativePath>slf4j-log4j12-1.7.5.jar</relativePath>
      </dependency>
      <dependency>
        <groupId>org.codehaus.jackson</groupId>
        <artifactId>jackson-core-asl</artifactId>
        <version>1.8.8</version>
        <relativePath>jackson-core-asl-1.8.8.jar</relativePath>
      </dependency>
      <dependency>
        <groupId>org.codehaus.jackson</groupId>
        <artifactId>jackson-mapper-asl</artifactId>
        <version>1.8.8</version>
        <relativePath>jackson-mapper-asl-1.8.8.jar</relativePath>
      </dependency>
      <dependency>
        <groupId>org.apache.avro</groupId>
        <artifactId>avro</artifactId>
        <version>1.7.4</version>
        <relativePath>avro-1.7.4.jar</relativePath>
      </dependency>
      <dependency>
        <groupId>com.thoughtworks.paranamer</groupId>
        <artifactId>paranamer</artifactId>
        <version>2.3</version>
        <relativePath>paranamer-2.3.jar</relativePath>
      </dependency>
      <dependency>
        <groupId>org.xerial.snappy</groupId>
        <artifactId>snappy-java</artifactId>
        <version>1.0.4.1</version>
        <relativePath>snappy-java-1.0.4.1.jar</relativePath>
      </dependency>
      <dependency>
        <groupId>com.google.protobuf</groupId>
        <artifactId>protobuf-java</artifactId>
        <version>2.5.0</version>
        <relativePath>protobuf-java-2.5.0.jar</relativePath>
      </dependency>
      <dependency>
        <groupId>org.apache.hadoop</groupId>
        <artifactId>hadoop-auth</artifactId>
        <version>2.2.0</version>
        <relativePath>hadoop-auth-2.2.0.jar</relativePath>
      </dependency>
      <dependency>
        <groupId>com.jcraft</groupId>
        <artifactId>jsch</artifactId>
        <version>0.1.42</version>
        <relativePath>jsch-0.1.42.jar</relativePath>
      </dependency>
      <dependency>
        <groupId>org.apache.commons</groupId>
        <artifactId>commons-compress</artifactId>
        <version>1.4.1</version>
        <relativePath>commons-compress-1.4.1.jar</relativePath>
      </dependency>
      <dependency>
        <groupId>org.tukaani</groupId>
        <artifactId>xz</artifactId>
        <version>1.0</version>
        <relativePath>xz-1.0.jar</relativePath>
      </dependency>
      <dependency>
        <groupId>org.apache.asterix</groupId>
        <artifactId>asterix-active</artifactId>
        <version>0.9.2-SNAPSHOT</version>
        <relativePath>asterix-active-0.9.2-SNAPSHOT.jar</relativePath>
      </dependency>
      <dependency>
        <groupId>org.apache.hadoop</groupId>
        <artifactId>hadoop-hdfs</artifactId>
        <version>2.2.0</version>
        <relativePath>hadoop-hdfs-2.2.0.jar</relativePath>
      </dependency>
      <dependency>
        <groupId>commons-daemon</groupId>
        <artifactId>commons-daemon</artifactId>
        <version>1.0.13</version>
        <relativePath>commons-daemon-1.0.13.jar</relativePath>
      </dependency>
      <dependency>
        <groupId>org.apache.hyracks</groupId>
        <artifactId>hyracks-storage-am-bloomfilter</artifactId>
        <version>0.3.2-SNAPSHOT</version>
        <relativePath>hyracks-storage-am-bloomfilter-0.3.2-SNAPSHOT.jar</relativePath>
      </dependency>
      <dependency>
        <groupId>org.apache.hyracks</groupId>
        <artifactId>hyracks-storage-am-rtree</artifactId>
        <version>0.3.2-SNAPSHOT</version>
        <relativePath>hyracks-storage-am-rtree-0.3.2-SNAPSHOT.jar</relativePath>
      </dependency>
      <dependency>
        <groupId>org.apache.hyracks</groupId>
        <artifactId>hyracks-storage-am-lsm-invertedindex</artifactId>
        <version>0.3.2-SNAPSHOT</version>
        <relativePath>hyracks-storage-am-lsm-invertedindex-0.3.2-SNAPSHOT.jar</relativePath>
      </dependency>
      <dependency>
        <groupId>org.apache.hyracks</groupId>
        <artifactId>hyracks-storage-am-lsm-rtree</artifactId>
        <version>0.3.2-SNAPSHOT</version>
        <relativePath>hyracks-storage-am-lsm-rtree-0.3.2-SNAPSHOT.jar</relativePath>
      </dependency>
      <dependency>
        <groupId>com.fasterxml.jackson.core</groupId>
        <artifactId>jackson-annotations</artifactId>
        <version>2.8.4</version>
        <relativePath>jackson-annotations-2.8.4.jar</relativePath>
      </dependency>
      <dependency>
        <groupId>org.codehaus.mojo.appassembler</groupId>
        <artifactId>appassembler-booter</artifactId>
        <version>2.0.0</version>
        <relativePath>appassembler-booter-2.0.0.jar</relativePath>
      </dependency>
      <dependency>
        <groupId>org.codehaus.mojo.appassembler</groupId>
        <artifactId>appassembler-model</artifactId>
        <version>2.0.0</version>
        <relativePath>appassembler-model-2.0.0.jar</relativePath>
      </dependency>
      <dependency>
        <groupId>org.codehaus.plexus</groupId>
        <artifactId>plexus-utils</artifactId>
        <version>3.0.24</version>
        <relativePath>plexus-utils-3.0.24.jar</relativePath>
      </dependency>
      <dependency>
        <groupId>net.java.dev.stax-utils</groupId>
        <artifactId>stax-utils</artifactId>
        <version>20060502</version>
        <relativePath>stax-utils-20060502.jar</relativePath>
      </dependency>
      <dependency>
        <groupId>stax</groupId>
        <artifactId>stax</artifactId>
        <version>1.1.1-dev</version>
        <relativePath>stax-1.1.1-dev.jar</relativePath>
      </dependency>
      <dependency>
        <groupId>stax</groupId>
        <artifactId>stax-api</artifactId>
        <version>1.0.1</version>
        <relativePath>stax-api-1.0.1.jar</relativePath>
      </dependency>
      <dependency>
        <groupId>commons-io</groupId>
        <artifactId>commons-io</artifactId>
        <version>2.5</version>
        <relativePath>commons-io-2.5.jar</relativePath>
      </dependency>
      <dependency>
        <groupId>org.apache.commons</groupId>
        <artifactId>commons-lang3</artifactId>
        <version>3.5</version>
        <relativePath>commons-lang3-3.5.jar</relativePath>
      </dependency>
      <dependency>
        <groupId>com.google.inject.extensions</groupId>
        <artifactId>guice-servlet</artifactId>
        <version>3.0</version>
        <relativePath>guice-servlet-3.0.jar</relativePath>
      </dependency>
      <dependency>
        <groupId>io.netty</groupId>
        <artifactId>netty</artifactId>
        <version>3.6.2.Final</version>
        <relativePath>netty-3.6.2.Final.jar</relativePath>
      </dependency>
      <dependency>
        <groupId>com.google.inject</groupId>
        <artifactId>guice</artifactId>
        <version>3.0</version>
        <relativePath>guice-3.0.jar</relativePath>
      </dependency>
      <dependency>
        <groupId>javax.inject</groupId>
        <artifactId>javax.inject</artifactId>
        <version>1</version>
        <relativePath>javax.inject-1.jar</relativePath>
      </dependency>
      <dependency>
        <groupId>aopalliance</groupId>
        <artifactId>aopalliance</artifactId>
        <version>1.0</version>
        <relativePath>aopalliance-1.0.jar</relativePath>
      </dependency>
      <dependency>
        <groupId>com.sun.jersey.jersey-test-framework</groupId>
        <artifactId>jersey-test-framework-grizzly2</artifactId>
        <version>1.9</version>
        <relativePath>jersey-test-framework-grizzly2-1.9.jar</relativePath>
      </dependency>
      <dependency>
        <groupId>com.sun.jersey.jersey-test-framework</groupId>
        <artifactId>jersey-test-framework-core</artifactId>
        <version>1.9</version>
        <relativePath>jersey-test-framework-core-1.9.jar</relativePath>
      </dependency>
      <dependency>
        <groupId>javax.servlet</groupId>
        <artifactId>javax.servlet-api</artifactId>
        <version>3.0.1</version>
        <relativePath>javax.servlet-api-3.0.1.jar</relativePath>
      </dependency>
      <dependency>
        <groupId>com.sun.jersey</groupId>
        <artifactId>jersey-client</artifactId>
        <version>1.9</version>
        <relativePath>jersey-client-1.9.jar</relativePath>
      </dependency>
      <dependency>
        <groupId>com.sun.jersey</groupId>
        <artifactId>jersey-grizzly2</artifactId>
        <version>1.9</version>
        <relativePath>jersey-grizzly2-1.9.jar</relativePath>
      </dependency>
      <dependency>
        <groupId>org.glassfish.grizzly</groupId>
        <artifactId>grizzly-http</artifactId>
        <version>2.1.2</version>
        <relativePath>grizzly-http-2.1.2.jar</relativePath>
      </dependency>
      <dependency>
        <groupId>org.glassfish.grizzly</groupId>
        <artifactId>grizzly-framework</artifactId>
        <version>2.1.2</version>
        <relativePath>grizzly-framework-2.1.2.jar</relativePath>
      </dependency>
      <dependency>
        <groupId>org.glassfish.gmbal</groupId>
        <artifactId>gmbal-api-only</artifactId>
        <version>3.0.0-b023</version>
        <relativePath>gmbal-api-only-3.0.0-b023.jar</relativePath>
      </dependency>
      <dependency>
        <groupId>org.glassfish.external</groupId>
        <artifactId>management-api</artifactId>
        <version>3.0.0-b012</version>
        <relativePath>management-api-3.0.0-b012.jar</relativePath>
      </dependency>
      <dependency>
        <groupId>org.glassfish.grizzly</groupId>
        <artifactId>grizzly-http-server</artifactId>
        <version>2.1.2</version>
        <relativePath>grizzly-http-server-2.1.2.jar</relativePath>
      </dependency>
      <dependency>
        <groupId>org.glassfish.grizzly</groupId>
        <artifactId>grizzly-rcm</artifactId>
        <version>2.1.2</version>
        <relativePath>grizzly-rcm-2.1.2.jar</relativePath>
      </dependency>
      <dependency>
        <groupId>org.glassfish.grizzly</groupId>
        <artifactId>grizzly-http-servlet</artifactId>
        <version>2.1.2</version>
        <relativePath>grizzly-http-servlet-2.1.2.jar</relativePath>
      </dependency>
      <dependency>
        <groupId>org.glassfish</groupId>
        <artifactId>javax.servlet</artifactId>
        <version>3.1</version>
        <relativePath>javax.servlet-3.1.jar</relativePath>
      </dependency>
      <dependency>
        <groupId>com.sun.jersey.contribs</groupId>
        <artifactId>jersey-guice</artifactId>
        <version>1.9</version>
        <relativePath>jersey-guice-1.9.jar</relativePath>
      </dependency>
      <dependency>
        <groupId>org.apache.hadoop</groupId>
        <artifactId>hadoop-yarn-api</artifactId>
        <version>2.2.0</version>
        <relativePath>hadoop-yarn-api-2.2.0.jar</relativePath>
      </dependency>
      <dependency>
        <groupId>org.apache.hadoop</groupId>
        <artifactId>hadoop-mapreduce-client-core</artifactId>
        <version>2.2.0</version>
        <relativePath>hadoop-mapreduce-client-core-2.2.0.jar</relativePath>
      </dependency>
      <dependency>
        <groupId>org.apache.hadoop</groupId>
        <artifactId>hadoop-yarn-common</artifactId>
        <version>2.2.0</version>
        <relativePath>hadoop-yarn-common-2.2.0.jar</relativePath>
      </dependency>
      <dependency>
        <groupId>org.apache.hyracks</groupId>
        <artifactId>hyracks-util</artifactId>
        <version>0.3.2-SNAPSHOT</version>
        <relativePath>hyracks-util-0.3.2-SNAPSHOT.jar</relativePath>
      </dependency>
    </dependencies>
  </classpath>
  <commandLineArguments>
    <commandLineArgument>-app-class</commandLineArgument>
    <commandLineArgument>org.apache.asterix.hyracks.bootstrap.NCApplication</commandLineArgument>
  </commandLineArguments>
  <configurationDirectory>etc</configurationDirectory>
  <repositoryName>lib</repositoryName>
</daemon>
