<!--
 ! Copyright 2009-2013 by The Regents of the University of California
 ! Licensed under the Apache License, Version 2.0 (the "License");
 ! you may not use this file except in compliance with the License.
 ! you may obtain a copy of the License from
 !
 !     http://www.apache.org/licenses/LICENSE-2.0
 !
 ! Unless required by applicable law or agreed to in writing, software
 ! distributed under the License is distributed on an "AS IS" BASIS,
 ! WITHOUT WARRANTIES OR CONDITIONS OF ANY KIND, either express or implied.
 ! See the License for the specific language governing permissions and
 ! limitations under the License.
 !-->
<cluster xmlns="cluster">
  <name>4node</name>
  <username>youngsk2</username>
  <working_dir>
    <dir>/home/youngsk2/asterixdb/working</dir>
    <NFS>true</NFS>
  </working_dir>
  <log_dir>/mnt/data/sde/youngsk2/asterix/logs</log_dir>
  <txn_log_dir>/lv_scratch/scratch/youngsk2/asterix/txnlogs</txn_log_dir>
  <iodevices>/mnt/data/sdb/youngsk2/asterix,/mnt/data/sdc/youngsk2/asterix,/mnt/data/sdd/youngsk2/asterix</iodevices>
  <store>storage</store>
  <java_home>/home/youngsk2/jdk1.7.0_65</java_home>
  <master_node>
    <id>master</id>
    <cluster_ip>128.195.9.21</cluster_ip>
    <cluster_port>1099</cluster_port>
    <client_ip>128.195.9.21</client_ip>
    <client_port>1098</client_port>
    <http_port>8888</http_port>
  </master_node>
  <node>
    <id>node1</id>
    <cluster_ip>128.195.9.22</cluster_ip>
  </node>
  <node>
    <id>node2</id>
    <cluster_ip>128.195.9.23</cluster_ip>
  </node>
  <node>
    <id>node3</id>
    <cluster_ip>128.195.9.24</cluster_ip>
  </node>
  <node>
    <id>node4</id>
    <cluster_ip>128.195.9.25</cluster_ip>
  </node>
</cluster>

