<!--
 ! Licensed to the Apache Software Foundation (ASF) under one
 ! or more contributor license agreements.  See the NOTICE file
 ! distributed with this work for additional information
 ! regarding copyright ownership.  The ASF licenses this file
 ! to you under the Apache License, Version 2.0 (the
 ! "License"); you may not use this file except in compliance
 ! with the License.  You may obtain a copy of the License at
 !
 !   http://www.apache.org/licenses/LICENSE-2.0
 !
 ! Unless required by applicable law or agreed to in writing,
 ! software distributed under the License is distributed on an
 ! "AS IS" BASIS, WITHOUT WARRANTIES OR CONDITIONS OF ANY
 ! KIND, either express or implied.  See the License for the
 ! specific language governing permissions and limitations
 ! under the License.
 !-->
<cluster xmlns="cluster">
  <name>4node</name>
  <username>asterix</username>
  <working_dir>
    <dir>/home/asterix/asterixdb/working</dir>
    <NFS>true</NFS>
  </working_dir>
  <log_dir>/home/asterix/logs</log_dir>
  <txn_log_dir>/mnt/data/sdh/scratch/asterix/asterix/txnlogs</txn_log_dir>
  <iodevices>/mnt/data/sde/asterix/asterix/</iodevices>
  <store>storage</store>
  <java_home>/usr/lib/jvm/jre-1.8.0/</java_home>
  <master_node>
    <id>3</id>
    <cluster_ip>asterix-3</cluster_ip>
    <cluster_port>1099</cluster_port>
    <client_ip>asterix-3</client_ip>
    <client_port>1098</client_port>
    <http_port>8888</http_port>
  </master_node>
  <node>
    <id>4</id>
    <cluster_ip>asterix-6</cluster_ip>
  </node>
  <node>
    <id>5</id>
    <cluster_ip>asterix-7</cluster_ip>
  </node>
  <node>
    <id>6</id>
    <cluster_ip>asterix-8</cluster_ip>
  </node>
  <node>
    <id>7</id>
    <cluster_ip>asterix-9</cluster_ip>
  </node>
</cluster>
