<?xml version="1.0" encoding="UTF-8" standalone="yes"?>
<!--
 ! Licensed to the Apache Software Foundation (ASF) under one
 ! or more contributor license agreements.  See the NOTICE file
 ! distributed with this work for additional information
 ! regarding copyright ownership.  The ASF licenses this file
 ! to you under the Apache License, Version 2.0 (the
 ! "License"); you may not use this file except in compliance
 ! with the License.  You may obtain a copy of the License at
 !
 !   http://www.apache.org/licenses/LICENSE-2.0
 !
 ! Unless required by applicable law or agreed to in writing,
 ! software distributed under the License is distributed on an
 ! "AS IS" BASIS, WITHOUT WARRANTIES OR CONDITIONS OF ANY
 ! KIND, either express or implied.  See the License for the
 ! specific language governing permissions and limitations
 ! under the License.
 !-->
<configuration xmlns="installer">
  <backup>
    <hdfs>
      <version>0.20.2</version>
      <url></url>
    </hdfs>
    <backupDir>/home/asterixdb/asterixdb/.installer/zookeeper_home</backupDir>
  </backup>
  <zookeeper>
    <homeDir>/home/asterixdb/asterixdb/.installer/zookeeper_home</homeDir>
    <clientPort>2900</clientPort>
    <servers>
      <java_home>/usr/lib/jvm/jre-1.8.0/</java_home>
      <server>128.195.9.21</server>
    </servers>
  </zookeeper>
</configuration>