<!--
 ! Licensed to the Apache Software Foundation (ASF) under one
 ! or more contributor license agreements.  See the NOTICE file
 ! distributed with this work for additional information
 ! regarding copyright ownership.  The ASF licenses this file
 ! to you under the Apache License, Version 2.0 (the
 ! "License"); you may not use this file except in compliance
 ! with the License.  You may obtain a copy of the License at
 !
 !   http://www.apache.org/licenses/LICENSE-2.0
 !
 ! Unless required by applicable law or agreed to in writing,
 ! software distributed under the License is distributed on an
 ! "AS IS" BASIS, WITHOUT WARRANTIES OR CONDITIONS OF ANY
 ! KIND, either express or implied.  See the License for the
 ! specific language governing permissions and limitations
 ! under the License.
 !-->
<cluster xmlns="cluster">
  <name>nuclear</name>
  <username>asterix</username>
  <working_dir>
    <dir>/home/asterixdb/asterixdb/working</dir>
    <NFS>false</NFS>
  </working_dir>
  <log_dir>/home/asterixdb/asterixdb/logs/</log_dir>
  <txn_log_dir>/home/asterixdb/asterixdb/txnLogs/</txn_log_dir>
  <iodevices>/home/asterixdb/asterixdb/</iodevices>
  <store>storage</store>
  <java_home>/usr/lib/jvm/jre-1.8.0</java_home>
  <master_node>
    <id>master</id>
    <cluster_ip>technetium.ics.uci.edu</cluster_ip>
    <cluster_port>1099</cluster_port>
    <client_ip>technetium.ics.uci.edu</client_ip>
    <client_port>1098</client_port>
    <http_port>8888</http_port>
  </master_node>
  <node>
    <id>technetium</id>
    <cluster_ip>technetium.ics.uci.edu</cluster_ip>
  </node>
  <node>
    <id>polonium</id>
    <cluster_ip>polonium.ics.uci.edu</cluster_ip>
  </node>
  <node>
    <id>radon</id>
    <cluster_ip>radon.ics.uci.edu</cluster_ip>
  </node>
</cluster>

